INSERT INTO university (univ_id, univ_name, rating, city) VALUES
(1, 'МГУ', 5, 'Москва'),
(2, 'СПбГУ', 4, 'Санкт-Петербург'),
(3, 'КФУ', 4, 'Казань'),
(4, 'СВФУ', 4, 'Якутск'),
(5, 'НГУ', 5, 'Новосибирск');

INSERT INTO student (student_id, surname, name, stipend, kurs, city, birthday, univ_id) VALUES
(101, 'Иванов', 'Алексей', 2500, 2, 'Москва', '2004-05-12', 1),
(102, 'Петрова', 'Мария', 3000, 3, 'Казань', '2003-11-03', 3),
(103, 'Смирнов', 'Игорь', 2000, 1, 'Санкт-Петербург', '2005-01-20', 2),
(104, 'Кузнецов', 'Дмитрий', 2200, 2, 'Якутск', '2004-03-14', 4),
(105, 'Попова', 'Елена', 2800, 4, 'Новосибирск', '2002-09-25', 5),
(106, 'Васильев', 'Никита', 2600, 3, 'Москва', '2003-07-18', 1),
(107, 'Соколова', 'Дарья', 2400, 1, 'Санкт-Петербург', '2005-02-11', 2),
(108, 'Морозов', 'Артём', 2100, 2, 'Казань', '2004-12-05', 3),
(109, 'Фёдорова', 'Ольга', 3000, 4, 'Якутск', '2002-06-30', 4),
(110, 'Волков', 'Сергей', 2300, 3, 'Новосибирск', '2003-10-09', 5),
(111, 'Алексеева', 'Татьяна', 2500, 2, 'Москва', '2004-01-27', 1),
(112, 'Лебедев', 'Максим', 2700, 3, 'Санкт-Петербург', '2003-04-19', 2),
(113, 'Семёнова', 'Виктория', 2900, 4, 'Казань', '2002-11-08', 3),
(114, 'Павлов', 'Кирилл', 2000, 1, 'Якутск', '2005-08-16', 4),
(115, 'Орлова', 'Алина', 3100, 4, 'Новосибирск', '2002-05-21', 5);

INSERT INTO lectures (lecturer_id, surname, name, city, univ_id) VALUES
(1, 'Петров', 'Иван', 'Москва', 1),
(2, 'Сидорова', 'Анна', 'Казань', 3),
(3, 'Иванов', 'Олег', 'Санкт-Петербург', 2),
(4, 'Николаев', 'Степан', 'Якутск', 4),
(5, 'Громова', 'Ирина', 'Новосибирск', 5),
(6, 'Крылов', 'Андрей', 'Москва', 1),
(7, 'Тихонова', 'Светлана', 'Санкт-Петербург', 2),
(8, 'Егоров', 'Павел', 'Казань', 3),
(9, 'Захарова', 'Надежда', 'Якутск', 4);

INSERT INTO subject (subj_id, subj_name, hour, semester) VALUES
(1, 'Математика', 120, 1),
(2, 'Информатика', 100, 1),
(3, 'Физика', 90, 2);

INSERT INTO exam_marks (exam_id, student_id, subj_id, mark, exam_date) VALUES
(1, 101, 1, 5, '2024-06-10'),
(2, 101, 2, 4, '2024-06-15'),
(3, 102, 1, 5, '2024-06-11'),
(4, 103, 3, 3, '2024-06-18'),
(5, 104, 1, 4, '2024-06-12'),
(6, 105, 2, 5, '2024-06-13'),
(7, 106, 3, 4, '2024-06-14'),
(8, 107, 1, 3, '2024-06-15'),
(9, 108, 2, 4, '2024-06-16'),
(10, 109, 3, 5, '2024-06-17'),
(11, 110, 1, 4, '2024-06-18'),
(12, 111, 2, 5, '2024-06-19'),
(13, 112, 3, 3, '2024-06-20'),
(14, 113, 1, 5, '2024-06-21'),
(15, 114, 2, 4, '2024-06-22'),
(16, 115, 3, 5, '2024-06-23');
